{
  "metrics": {
    "metrics_val": [
      {
        "ndcg": [
          0.8367553088010934,
          0.047863013636232576
        ]
      },
      {
        "recall@05": [
          0.13195686895179223,
          0.07770073584290303
        ]
      },
      {
        "precision@05": [
          0.536,
          0.22428553230201898
        ]
      },
      {
        "ndcg": [
          0.8475190616158481,
          0.044217558887858756
        ]
      },
      {
        "recall@05": [
          0.14026722423770532,
          0.06790497618182877
        ]
      },
      {
        "precision@05": [
          0.5760000000000001,
          0.20254382241875457
        ]
      },
      {
        "ndcg": [
          0.8513078135080231,
          0.04339042849334858
        ]
      },
      {
        "recall@05": [
          0.14283352863812704,
          0.07245998490358067
        ]
      },
      {
        "precision@05": [
          0.58,
          0.22
        ]
      },
      {
        "ndcg": [
          0.8487571449314055,
          0.0462801146940154
        ]
      },
      {
        "recall@05": [
          0.14543304337972301,
          0.08134706370855724
        ]
      },
      {
        "precision@05": [
          0.592,
          0.21525798475317937
        ]
      },
      {
        "ndcg": [
          0.8556151958642744,
          0.046003687731747706
        ]
      },
      {
        "recall@05": [
          0.14437758917209487,
          0.08186576147958395
        ]
      },
      {
        "precision@05": [
          0.588,
          0.21692394980729995
        ]
      },
      {
        "ndcg": [
          0.8497859703916042,
          0.043869783505578505
        ]
      },
      {
        "recall@05": [
          0.1524840300056418,
          0.0819280429010503
        ]
      },
      {
        "precision@05": [
          0.612,
          0.22058105086339577
        ]
      },
      {
        "ndcg": [
          0.8532256748218284,
          0.04972549306711988
        ]
      },
      {
        "recall@05": [
          0.15854523209321827,
          0.09446989106120415
        ]
      },
      {
        "precision@05": [
          0.632,
          0.2310324652510984
        ]
      },
      {
        "ndcg": [
          0.8509312031616861,
          0.05305640172294292
        ]
      },
      {
        "recall@05": [
          0.14835074648370772,
          0.08642552644470418
        ]
      },
      {
        "precision@05": [
          0.6000000000000001,
          0.22978250586152119
        ]
      }
    ],
    "metrics_train": [
      {
        "ndcg": [
          0.8264491487444993,
          0.054707557224318325
        ]
      },
      {
        "recall@05": [
          0.12141147196606732,
          0.08490453261353775
        ]
      },
      {
        "precision@05": [
          0.5039039039039039,
          0.2822311627088312
        ]
      },
      {
        "ndcg": [
          0.8337308672630465,
          0.05155659270096487
        ]
      },
      {
        "recall@05": [
          0.13006268876022214,
          0.08466984873686884
        ]
      },
      {
        "precision@05": [
          0.5393393393393393,
          0.28207007549801416
        ]
      },
      {
        "ndcg": [
          0.8418573608203809,
          0.05051616040832082
        ]
      },
      {
        "recall@05": [
          0.13614059789218183,
          0.08188177415460592
        ]
      },
      {
        "precision@05": [
          0.5597597597597598,
          0.2714701427058288
        ]
      },
      {
        "ndcg": [
          0.8453163927228725,
          0.050051525809893034
        ]
      },
      {
        "recall@05": [
          0.14283440442159695,
          0.08938104266758895
        ]
      },
      {
        "precision@05": [
          0.5837837837837837,
          0.27483236732129046
        ]
      },
      {
        "ndcg": [
          0.8487732339722178,
          0.05107552053167222
        ]
      },
      {
        "recall@05": [
          0.14570738683056586,
          0.08813456030583257
        ]
      },
      {
        "precision@05": [
          0.6006006006006006,
          0.27443570211296103
        ]
      },
      {
        "ndcg": [
          0.8500543465972896,
          0.04881941857494826
        ]
      },
      {
        "recall@05": [
          0.14479150899641585,
          0.09113653917329585
        ]
      },
      {
        "precision@05": [
          0.5933933933933935,
          0.27870068257337166
        ]
      },
      {
        "ndcg": [
          0.8543931021114155,
          0.04958421454730822
        ]
      },
      {
        "recall@05": [
          0.15086843912702774,
          0.0937428037632065
        ]
      },
      {
        "precision@05": [
          0.6132132132132132,
          0.2721390182072692
        ]
      },
      {
        "ndcg": [
          0.8540599278435328,
          0.04927661855447306
        ]
      },
      {
        "recall@05": [
          0.1508374966558405,
          0.09162397040087733
        ]
      },
      {
        "precision@05": [
          0.6150150150150151,
          0.26960612425724273
        ]
      }
    ]
  },
  "test_metrics": {
    "dcg": [
      110.0118510079246,
      24.037490844082544
    ],
    "dcg@03": [
      18.62870754380369,
      7.754205035018476
    ],
    "dcg@05": [
      23.9056643541591,
      9.002707209425637
    ],
    "dcg@10": [
      32.311898009877474,
      10.88328899952524
    ],
    "dcg@20": [
      42.80429071325648,
      12.987164720275821
    ],
    "ndcg": [
      0.8491866746827088,
      0.0503624350968869
    ],
    "ndcg@03": [
      0.6387543235492781,
      0.22892992311817664
    ],
    "ndcg@05": [
      0.6236102536729696,
      0.19104341070849912
    ],
    "ndcg@10": [
      0.6188055749693213,
      0.1523324193532885
    ],
    "ndcg@20": [
      0.6232966671253083,
      0.12373203769686245
    ],
    "precision@01": [
      0.6923076923076923,
      0.46153846153846156
    ],
    "precision@03": [
      0.680911680911681,
      0.2769840365296099
    ],
    "precision@05": [
      0.6341880341880344,
      0.25391377268549936
    ],
    "precision@10": [
      0.5188034188034188,
      0.2148072576451497
    ],
    "precision@20": [
      0.4068376068376068,
      0.17552193021795073
    ],
    "recall@01": [
      0.031107338443441206,
      0.027650714210233678
    ],
    "recall@03": [
      0.09270000397143523,
      0.05705185065694903
    ],
    "recall@05": [
      0.1419576791252298,
      0.08079296675809391
    ],
    "recall@10": [
      0.2207752496579316,
      0.10115411388135129
    ],
    "recall@20": [
      0.33702210863549886,
      0.13180289946636248
    ],
    "relevant rank": [
      64.45068083693126,
      61.67116228102151
    ],
    "relevant rank per query": [
      1658.6410256410256,
      1005.5633490313712
    ]
  },
  "test_query_level_metrics": {
    "ndcg": [
      0.8308252054514087,
      0.8727894150984726,
      0.8392457230350999,
      0.7958059563510603,
      0.883865535587086,
      0.8518208056007117,
      0.7531662974764474,
      0.8905625427453127,
      0.8729333243378582,
      0.7801805380336315,
      0.8835414917842239,
      0.7644205826520962,
      0.90656737945782,
      0.8617727563918366,
      0.8328641514292807,
      0.7708236687519898,
      0.8497606466136822,
      0.8475392689593133,
      0.8084693171161415,
      0.8884948277605328,
      0.9043709324297785,
      0.8520319851266863,
      0.8818317165470297,
      0.7776039562662389,
      0.6471318746061313,
      0.8771263769934996,
      0.8411104172205212,
      0.8983912498294951,
      0.8151280804292289,
      0.8419652679616686,
      0.8354363593246025,
      0.8949622043719757,
      0.9231792084340081,
      0.8928346835966139,
      0.8580497819537717,
      0.8750925071783925,
      0.9147355242569472,
      0.7523315646593458,
      0.828115397630146,
      0.8667675219996025,
      0.8975996605471741,
      0.8594116998705897,
      0.8904031410040922,
      0.8199500975840499,
      0.8306780898147875,
      0.8387122533193231,
      0.861048387023711,
      0.9161214754664971,
      0.8693546226771065,
      0.7856187292407397,
      0.9006277256402337,
      0.8770033201686149,
      0.7640793867227358,
      0.7211744163840966,
      0.8734651694952624,
      0.8241011189165799,
      0.9219105727576862,
      0.9143298172247645,
      0.8712092372148644,
      0.9140353865233141,
      0.904045567910987,
      0.7706824372722373,
      0.9245420144821002,
      0.8668629599760241,
      0.8558161327066346,
      0.8299988521541577,
      0.8539554438952036,
      0.8825519992449676,
      0.8396126373737243,
      0.8399666312777649,
      0.867683157310403,
      0.8847019974197743,
      0.8791386316956888,
      0.8588948210250644,
      0.8931835685082106,
      0.8529552854076353,
      0.8632226842080186,
      0.8202312878404172,
      0.8498782363610116,
      0.7096354564789438,
      0.7962616187418655,
      0.7752423457103552,
      0.8900265126529777,
      0.8650121992442292,
      0.8413214880450531,
      0.8855384172822689,
      0.874328003094446,
      0.8451761952802739,
      0.8754075562072422,
      0.813718615791635,
      0.9097997511217857,
      0.9193439667119407,
      0.8155934275174481,
      0.8909927735864979,
      0.8191934471241024,
      0.8528752584495221,
      0.9104934641899671,
      0.8238954546771875,
      0.7829455447197591,
      0.781298477907886,
      0.897602917359521,
      0.8289707548814684,
      0.8697974218737818,
      0.8949067321507175,
      0.8421844562185512,
      0.8006005742667553,
      0.8824208910930754,
      0.7370078700917002,
      0.8799619591338579,
      0.8981883931995791,
      0.8835357470457738,
      0.8079371607099077,
      0.8079982592469024,
      0.8186801440116505,
      0.8010482286460624,
      0.9001421608240254,
      0.8733525934722587
    ],
    "recall@05": [
      0.09523809523809523,
      0.13043478260869565,
      0.17647058823529413,
      0.2222222222222222,
      0.08695652173913043,
      0.2777777777777778,
      0.05555555555555555,
      0.0851063829787234,
      0.05660377358490566,
      0.15384615384615385,
      0.1111111111111111,
      0.21428571428571427,
      0.13793103448275862,
      0.13333333333333333,
      0.09523809523809523,
      0.03571428571428571,
      0.09090909090909091,
      0.10810810810810811,
      0.07692307692307693,
      0.26666666666666666,
      0.10256410256410256,
      0.15151515151515152,
      0.05555555555555555,
      0.0,
      0.0,
      0.05714285714285714,
      0.08333333333333333,
      0.1388888888888889,
      0.05555555555555555,
      0.17647058823529413,
      0.14285714285714285,
      0.07547169811320754,
      0.1,
      0.14705882352941177,
      0.15789473684210525,
      0.05128205128205128,
      0.18181818181818182,
      0.25,
      0.05128205128205128,
      0.1875,
      0.1111111111111111,
      0.13793103448275862,
      0.0975609756097561,
      0.0,
      0.11764705882352941,
      0.08333333333333333,
      0.0851063829787234,
      0.16129032258064516,
      0.17857142857142858,
      0.02857142857142857,
      0.09523809523809523,
      0.1282051282051282,
      0.2,
      0.0,
      0.1111111111111111,
      0.13333333333333333,
      0.17857142857142858,
      0.12,
      0.09302325581395349,
      0.21052631578947367,
      0.21052631578947367,
      0.06451612903225806,
      0.19230769230769232,
      0.09090909090909091,
      0.09090909090909091,
      0.16,
      0.23529411764705882,
      0.1724137931034483,
      0.0967741935483871,
      0.12121212121212122,
      0.10810810810810811,
      0.11764705882352941,
      0.26666666666666666,
      0.09302325581395349,
      0.1,
      0.0975609756097561,
      0.14814814814814814,
      0.11428571428571428,
      0.08108108108108109,
      0.07142857142857142,
      0.08695652173913043,
      0.0625,
      0.17647058823529413,
      0.25,
      0.047619047619047616,
      0.11428571428571428,
      0.3333333333333333,
      0.3333333333333333,
      0.06060606060606061,
      0.2727272727272727,
      0.10714285714285714,
      0.14285714285714285,
      0.09090909090909091,
      0.36363636363636365,
      0.16666666666666666,
      0.14814814814814814,
      0.23809523809523808,
      0.1875,
      0.1,
      0.13333333333333333,
      0.13636363636363635,
      0.05128205128205128,
      0.42857142857142855,
      0.3076923076923077,
      0.14285714285714285,
      0.2,
      0.14285714285714285,
      0.2,
      0.26666666666666666,
      0.26666666666666666,
      0.2222222222222222,
      0.125,
      0.14285714285714285,
      0.14285714285714285,
      0.16666666666666666,
      0.38461538461538464,
      0.18518518518518517
    ],
    "precision@05": [
      0.4,
      0.6,
      0.6,
      0.4,
      0.8,
      1.0,
      0.2,
      0.8,
      0.6,
      0.4,
      0.6,
      0.6,
      0.8,
      0.8,
      0.4,
      0.2,
      0.4,
      0.8,
      0.4,
      0.8,
      0.8,
      1.0,
      0.6,
      0.0,
      0.0,
      0.4,
      0.4,
      1.0,
      0.4,
      0.6,
      0.8,
      0.8,
      1.0,
      1.0,
      0.6,
      0.4,
      0.8,
      0.4,
      0.4,
      0.6,
      0.8,
      0.8,
      0.8,
      0.0,
      0.4,
      0.6,
      0.8,
      1.0,
      1.0,
      0.2,
      0.8,
      1.0,
      0.8,
      0.0,
      0.6,
      0.4,
      1.0,
      0.6,
      0.8,
      0.8,
      0.8,
      0.4,
      1.0,
      0.6,
      0.4,
      0.8,
      0.8,
      1.0,
      0.6,
      0.8,
      0.8,
      0.8,
      0.8,
      0.8,
      0.8,
      0.8,
      0.8,
      0.8,
      0.6,
      0.2,
      0.4,
      0.4,
      0.6,
      1.0,
      0.2,
      0.8,
      0.8,
      0.6,
      0.4,
      0.6,
      0.6,
      0.8,
      0.4,
      0.8,
      0.8,
      0.8,
      1.0,
      0.6,
      0.4,
      0.4,
      0.6,
      0.4,
      0.6,
      0.8,
      0.4,
      0.4,
      1.0,
      0.4,
      0.8,
      0.8,
      0.8,
      0.6,
      0.4,
      0.4,
      0.2,
      1.0,
      1.0
    ]
  }
}