{
  "metrics": {
    "metrics_val": [
      {
        "ndcg": [
          0.8394600337135322,
          0.050149291520601026
        ]
      },
      {
        "recall@05": [
          0.1413519204081947,
          0.0777430938257221
        ]
      },
      {
        "precision@05": [
          0.572,
          0.2191255347968374
        ]
      },
      {
        "ndcg": [
          0.8493276618110264,
          0.04955922330740896
        ]
      },
      {
        "recall@05": [
          0.15892013120579748,
          0.08756297083279706
        ]
      },
      {
        "precision@05": [
          0.64,
          0.22271057451320087
        ]
      },
      {
        "ndcg": [
          0.8460084376913389,
          0.046536664298362784
        ]
      },
      {
        "recall@05": [
          0.14808175737496224,
          0.07638336079781122
        ]
      },
      {
        "precision@05": [
          0.596,
          0.228
        ]
      },
      {
        "ndcg": [
          0.8497224298214172,
          0.04881981590114239
        ]
      },
      {
        "recall@05": [
          0.15594360456484135,
          0.08655800679091491
        ]
      },
      {
        "precision@05": [
          0.62,
          0.23065125189341593
        ]
      },
      {
        "ndcg": [
          0.8545598726283415,
          0.050709873651059195
        ]
      },
      {
        "recall@05": [
          0.15423691048086144,
          0.07866950258322772
        ]
      },
      {
        "precision@05": [
          0.6240000000000001,
          0.2249977777668037
        ]
      },
      {
        "ndcg": [
          0.8475983381979207,
          0.047655484415151494
        ]
      },
      {
        "recall@05": [
          0.14851294823198044,
          0.09316859796914072
        ]
      },
      {
        "precision@05": [
          0.5880000000000001,
          0.25110953785151213
        ]
      },
      {
        "ndcg": [
          0.8567068603801654,
          0.052289055999807425
        ]
      },
      {
        "recall@05": [
          0.15502191315474909,
          0.08966543129880455
        ]
      },
      {
        "precision@05": [
          0.616,
          0.25562472493872734
        ]
      },
      {
        "ndcg": [
          0.8554485158707447,
          0.049289604532462
        ]
      },
      {
        "recall@05": [
          0.15964546379878672,
          0.08057469405408098
        ]
      },
      {
        "precision@05": [
          0.636,
          0.21425218785347327
        ]
      }
    ],
    "metrics_train": [
      {
        "ndcg": [
          0.8322504249282601,
          0.053888715669965954
        ]
      },
      {
        "recall@05": [
          0.1274201835829134,
          0.0833130242450826
        ]
      },
      {
        "precision@05": [
          0.5321321321321322,
          0.2774085688522097
        ]
      },
      {
        "ndcg": [
          0.8410623558018209,
          0.05292251531551106
        ]
      },
      {
        "recall@05": [
          0.136596546479761,
          0.08537203136804543
        ]
      },
      {
        "precision@05": [
          0.5657657657657658,
          0.2709660713096571
        ]
      },
      {
        "ndcg": [
          0.8444170009714073,
          0.05178379005265808
        ]
      },
      {
        "recall@05": [
          0.14039513094300418,
          0.08392192485049972
        ]
      },
      {
        "precision@05": [
          0.5783783783783784,
          0.2755519948663915
        ]
      },
      {
        "ndcg": [
          0.8484342293008823,
          0.05078861335555215
        ]
      },
      {
        "recall@05": [
          0.14256443092044538,
          0.08644267359896576
        ]
      },
      {
        "precision@05": [
          0.5915915915915916,
          0.27713927102616526
        ]
      },
      {
        "ndcg": [
          0.8524615551016081,
          0.05252458301376087
        ]
      },
      {
        "recall@05": [
          0.14694801791015094,
          0.08856832567420272
        ]
      },
      {
        "precision@05": [
          0.6108108108108108,
          0.28221071228671074
        ]
      },
      {
        "ndcg": [
          0.8482811377798234,
          0.051785628482230464
        ]
      },
      {
        "recall@05": [
          0.14207438125880073,
          0.0928451481652491
        ]
      },
      {
        "precision@05": [
          0.5843843843843843,
          0.27508556571521753
        ]
      },
      {
        "ndcg": [
          0.8558469791559213,
          0.051820822264389416
        ]
      },
      {
        "recall@05": [
          0.14969798415826543,
          0.09227199005894209
        ]
      },
      {
        "precision@05": [
          0.6126126126126126,
          0.2706183944163396
        ]
      },
      {
        "ndcg": [
          0.8540886693945862,
          0.05001699891336493
        ]
      },
      {
        "recall@05": [
          0.1512964139472369,
          0.09111527515699795
        ]
      },
      {
        "precision@05": [
          0.621021021021021,
          0.2669640956888127
        ]
      }
    ]
  },
  "test_metrics": {
    "dcg": [
      109.81733641092517,
      24.015814599636954
    ],
    "dcg@03": [
      19.250425420238333,
      8.044659827932458
    ],
    "dcg@05": [
      23.98006383744574,
      9.129948967500775
    ],
    "dcg@10": [
      31.929427434780195,
      11.248574226428438
    ],
    "dcg@20": [
      42.36015797690816,
      13.296991430967584
    ],
    "ndcg": [
      0.8478654076005346,
      0.0534244570323022
    ],
    "ndcg@03": [
      0.6591899910447685,
      0.23688412374471154
    ],
    "ndcg@05": [
      0.6237963047645658,
      0.19022920024565
    ],
    "ndcg@10": [
      0.6103272427849737,
      0.16098876282313276
    ],
    "ndcg@20": [
      0.616706272404565,
      0.1338172881001561
    ],
    "precision@01": [
      0.7435897435897436,
      0.43665093245965136
    ],
    "precision@03": [
      0.6923076923076923,
      0.29607706112288507
    ],
    "precision@05": [
      0.6051282051282052,
      0.2581479579210917
    ],
    "precision@10": [
      0.5000000000000001,
      0.22607766610417557
    ],
    "precision@20": [
      0.3978632478632478,
      0.17955228774341983
    ],
    "recall@01": [
      0.03358735512596755,
      0.027644474576751506
    ],
    "recall@03": [
      0.09333912960831385,
      0.05823092692058708
    ],
    "recall@05": [
      0.13680371168917368,
      0.08452179978743682
    ],
    "recall@10": [
      0.21446100967606183,
      0.11044874463509978
    ],
    "recall@20": [
      0.3276095901041263,
      0.13381122557035113
    ],
    "relevant rank": [
      65.54633012288276,
      61.69614716932473
    ],
    "relevant rank per query": [
      1686.837606837607,
      1008.7643618462266
    ]
  },
  "test_query_level_metrics": {
    "ndcg": [
      0.8313441926564765,
      0.888904552243835,
      0.8418230290837793,
      0.7913713838599801,
      0.8820534149012996,
      0.8433357239729331,
      0.7459022486008227,
      0.9092616914601446,
      0.8525817179618572,
      0.8052600258518652,
      0.8740901753836378,
      0.8033547824152246,
      0.9006846201312506,
      0.8695129513168133,
      0.8352394000270367,
      0.7751668165813587,
      0.8508963735187866,
      0.8162598411164073,
      0.8555202133183658,
      0.9164460827262152,
      0.8971247007248561,
      0.8731005996662597,
      0.9115095355517743,
      0.7770270543457359,
      0.6288257086028826,
      0.8892526531407995,
      0.8297944314922341,
      0.8957594511871497,
      0.7934818470952172,
      0.8415216819509944,
      0.8448916839160406,
      0.8893746100589259,
      0.9224635649162913,
      0.8740994462735915,
      0.8387482390306301,
      0.8816703205264165,
      0.9003129269106538,
      0.7657253727215463,
      0.8224155630551307,
      0.8627313180803339,
      0.8997412612580299,
      0.8448955039419914,
      0.8995091654830296,
      0.8063931049759161,
      0.7988960035277698,
      0.8542120378533188,
      0.860888412894042,
      0.9060769940195649,
      0.9005314265254922,
      0.7700807507101696,
      0.8733978418603702,
      0.8621054669509556,
      0.7490669974238434,
      0.7194063276608159,
      0.8594654606096479,
      0.7938243078327378,
      0.9187186884358247,
      0.9038226680651111,
      0.8735064907420891,
      0.8708392068633821,
      0.901528232907703,
      0.7542378713192479,
      0.9124390458590856,
      0.8537800647826117,
      0.8380577604620871,
      0.8239484134637632,
      0.8345354702340321,
      0.8521823780852321,
      0.8593436185371479,
      0.893674507816373,
      0.8605429811028856,
      0.8818835072134757,
      0.8665470954675227,
      0.8234067681170282,
      0.8897213488774436,
      0.8304466480727263,
      0.8634284137283582,
      0.8220019197837556,
      0.8777604613872716,
      0.6567121816090665,
      0.8098507200674122,
      0.7682599835062669,
      0.8787055460698128,
      0.82644278945491,
      0.8226480835928398,
      0.8670101970210765,
      0.8921823041370526,
      0.8814591297372149,
      0.8627076902297688,
      0.8077473006043686,
      0.8920721355566078,
      0.9245365755180741,
      0.8706997818247394,
      0.9081160771033663,
      0.8357473967178227,
      0.8451893388149253,
      0.9070163722006792,
      0.7979475903426179,
      0.7769434931900057,
      0.8011166654348418,
      0.9094519510217839,
      0.8376079913512745,
      0.8696890978202679,
      0.8964295732162996,
      0.8916124798842174,
      0.7980857063410178,
      0.8899424820325077,
      0.7555938246759449,
      0.8646415723156655,
      0.9174878365493192,
      0.891104331376493,
      0.8236825946633707,
      0.7778729255113205,
      0.8022392085045387,
      0.8046786643241,
      0.9135782415472411,
      0.8897582841662958
    ],
    "recall@05": [
      0.19047619047619047,
      0.13043478260869565,
      0.17647058823529413,
      0.2222222222222222,
      0.10869565217391304,
      0.2222222222222222,
      0.05555555555555555,
      0.0851063829787234,
      0.03773584905660377,
      0.15384615384615385,
      0.07407407407407407,
      0.21428571428571427,
      0.10344827586206896,
      0.16666666666666666,
      0.09523809523809523,
      0.07142857142857142,
      0.09090909090909091,
      0.10810810810810811,
      0.07692307692307693,
      0.26666666666666666,
      0.10256410256410256,
      0.12121212121212122,
      0.05555555555555555,
      0.07692307692307693,
      0.0,
      0.05714285714285714,
      0.041666666666666664,
      0.1388888888888889,
      0.05555555555555555,
      0.17647058823529413,
      0.14285714285714285,
      0.07547169811320754,
      0.08,
      0.11764705882352941,
      0.10526315789473684,
      0.07692307692307693,
      0.13636363636363635,
      0.25,
      0.05128205128205128,
      0.125,
      0.08333333333333333,
      0.10344827586206896,
      0.12195121951219512,
      0.0,
      0.058823529411764705,
      0.1111111111111111,
      0.0851063829787234,
      0.16129032258064516,
      0.14285714285714285,
      0.02857142857142857,
      0.047619047619047616,
      0.10256410256410256,
      0.15,
      0.0,
      0.07407407407407407,
      0.06666666666666667,
      0.17857142857142858,
      0.12,
      0.06976744186046512,
      0.15789473684210525,
      0.21052631578947367,
      0.03225806451612903,
      0.19230769230769232,
      0.09090909090909091,
      0.09090909090909091,
      0.08,
      0.17647058823529413,
      0.1724137931034483,
      0.0967741935483871,
      0.12121212121212122,
      0.10810810810810811,
      0.14705882352941177,
      0.26666666666666666,
      0.09302325581395349,
      0.1,
      0.07317073170731707,
      0.14814814814814814,
      0.08571428571428572,
      0.10810810810810811,
      0.0,
      0.08695652173913043,
      0.0625,
      0.17647058823529413,
      0.25,
      0.047619047619047616,
      0.11428571428571428,
      0.3333333333333333,
      0.3333333333333333,
      0.06060606060606061,
      0.2727272727272727,
      0.10714285714285714,
      0.14285714285714285,
      0.09090909090909091,
      0.36363636363636365,
      0.20833333333333334,
      0.14814814814814814,
      0.23809523809523808,
      0.125,
      0.1,
      0.2,
      0.18181818181818182,
      0.05128205128205128,
      0.42857142857142855,
      0.3076923076923077,
      0.14285714285714285,
      0.3,
      0.14285714285714285,
      0.3,
      0.2,
      0.3333333333333333,
      0.2222222222222222,
      0.125,
      0.14285714285714285,
      0.07142857142857142,
      0.16666666666666666,
      0.38461538461538464,
      0.14814814814814814
    ],
    "precision@05": [
      0.8,
      0.6,
      0.6,
      0.4,
      1.0,
      0.8,
      0.2,
      0.8,
      0.4,
      0.4,
      0.4,
      0.6,
      0.6,
      1.0,
      0.4,
      0.4,
      0.4,
      0.8,
      0.4,
      0.8,
      0.8,
      0.8,
      0.6,
      0.2,
      0.0,
      0.4,
      0.2,
      1.0,
      0.4,
      0.6,
      0.8,
      0.8,
      0.8,
      0.8,
      0.4,
      0.6,
      0.6,
      0.4,
      0.4,
      0.4,
      0.6,
      0.6,
      1.0,
      0.0,
      0.2,
      0.8,
      0.8,
      1.0,
      0.8,
      0.2,
      0.4,
      0.8,
      0.6,
      0.0,
      0.4,
      0.2,
      1.0,
      0.6,
      0.6,
      0.6,
      0.8,
      0.2,
      1.0,
      0.6,
      0.4,
      0.4,
      0.6,
      1.0,
      0.6,
      0.8,
      0.8,
      1.0,
      0.8,
      0.8,
      0.8,
      0.6,
      0.8,
      0.6,
      0.8,
      0.0,
      0.4,
      0.4,
      0.6,
      1.0,
      0.2,
      0.8,
      0.8,
      0.6,
      0.4,
      0.6,
      0.6,
      0.8,
      0.4,
      0.8,
      1.0,
      0.8,
      1.0,
      0.4,
      0.4,
      0.6,
      0.8,
      0.4,
      0.6,
      0.8,
      0.4,
      0.6,
      1.0,
      0.6,
      0.6,
      1.0,
      0.8,
      0.6,
      0.4,
      0.2,
      0.2,
      1.0,
      0.8
    ]
  }
}