{
  "metrics": {
    "metrics_val": [
      {
        "ndcg": [
          0.7557528206825515,
          0.05992237426547943
        ]
      },
      {
        "recall@05": [
          0.056223258950947604,
          0.060427814237403
        ]
      },
      {
        "precision@05": [
          0.256,
          0.2264155471693585
        ]
      },
      {
        "ndcg": [
          0.8088234682722809,
          0.05283319203733724
        ]
      },
      {
        "recall@05": [
          0.12247223000173812,
          0.08275205228601253
        ]
      },
      {
        "precision@05": [
          0.508,
          0.2777336853894392
        ]
      },
      {
        "ndcg": [
          0.8172337608944436,
          0.054542569085231266
        ]
      },
      {
        "recall@05": [
          0.13946214700856557,
          0.0793068245275312
        ]
      },
      {
        "precision@05": [
          0.5800000000000001,
          0.26
        ]
      },
      {
        "ndcg": [
          0.8265737705940864,
          0.04944876062522393
        ]
      },
      {
        "recall@05": [
          0.14336750902090573,
          0.08053800112827854
        ]
      },
      {
        "precision@05": [
          0.5880000000000001,
          0.26954776942130315
        ]
      },
      {
        "ndcg": [
          0.8193596456181208,
          0.05352020529538082
        ]
      },
      {
        "recall@05": [
          0.1182797165625233,
          0.07066093111702937
        ]
      },
      {
        "precision@05": [
          0.5,
          0.26
        ]
      },
      {
        "ndcg": [
          0.8440769004304971,
          0.050892114814928315
        ]
      },
      {
        "recall@05": [
          0.16971692234737257,
          0.09040493092403493
        ]
      },
      {
        "precision@05": [
          0.68,
          0.2592296279363144
        ]
      },
      {
        "ndcg": [
          0.8354909403947078,
          0.051380497757308435
        ]
      },
      {
        "recall@05": [
          0.1519340633320803,
          0.08758723522461723
        ]
      },
      {
        "precision@05": [
          0.6240000000000001,
          0.26119724347703216
        ]
      },
      {
        "ndcg": [
          0.8358579850117512,
          0.05944171180184077
        ]
      },
      {
        "recall@05": [
          0.15216861073966867,
          0.09688099922925585
        ]
      },
      {
        "precision@05": [
          0.6160000000000001,
          0.2587353860607397
        ]
      },
      {
        "ndcg": [
          0.8322096869155192,
          0.051439462688838374
        ]
      },
      {
        "recall@05": [
          0.15075912445638617,
          0.07380823887625979
        ]
      },
      {
        "precision@05": [
          0.6200000000000001,
          0.24083189157584592
        ]
      },
      {
        "ndcg": [
          0.8471690870774746,
          0.053669940356295055
        ]
      },
      {
        "recall@05": [
          0.16399450116133568,
          0.08757363833617321
        ]
      },
      {
        "precision@05": [
          0.6639999999999999,
          0.2512050954897213
        ]
      },
      {
        "ndcg": [
          0.8416264269520047,
          0.058716654365975306
        ]
      },
      {
        "recall@05": [
          0.1596931643352123,
          0.08357011435344429
        ]
      },
      {
        "precision@05": [
          0.66,
          0.26608269391300143
        ]
      },
      {
        "ndcg": [
          0.8377004267211307,
          0.05398363416118978
        ]
      },
      {
        "recall@05": [
          0.16303945064113334,
          0.09273323384577604
        ]
      },
      {
        "precision@05": [
          0.6559999999999999,
          0.2467063031217484
        ]
      },
      {
        "ndcg": [
          0.8457290895540721,
          0.05824296675571555
        ]
      },
      {
        "recall@05": [
          0.16782865805920413,
          0.09431093851192324
        ]
      },
      {
        "precision@05": [
          0.672,
          0.23241342474134324
        ]
      }
    ],
    "metrics_train": [
      {
        "ndcg": [
          0.7624143547645039,
          0.052751640559899976
        ]
      },
      {
        "recall@05": [
          0.05847982210944386,
          0.05376654688346073
        ]
      },
      {
        "precision@05": [
          0.25585585585585585,
          0.21393693522975116
        ]
      },
      {
        "ndcg": [
          0.8091777770523667,
          0.054440051870770806
        ]
      },
      {
        "recall@05": [
          0.10329241917264517,
          0.07575111216576559
        ]
      },
      {
        "precision@05": [
          0.4450450450450451,
          0.2785867612729103
        ]
      },
      {
        "ndcg": [
          0.8187389207670639,
          0.055157588850683524
        ]
      },
      {
        "recall@05": [
          0.1261432416189188,
          0.08691289318732344
        ]
      },
      {
        "precision@05": [
          0.527927927927928,
          0.2821531875277025
        ]
      },
      {
        "ndcg": [
          0.8284124691141177,
          0.05417174337299852
        ]
      },
      {
        "recall@05": [
          0.13037991285658077,
          0.08228565939578002
        ]
      },
      {
        "precision@05": [
          0.545945945945946,
          0.2853112047653329
        ]
      },
      {
        "ndcg": [
          0.8174048841385436,
          0.05539877390064891
        ]
      },
      {
        "recall@05": [
          0.10441108434110334,
          0.07680127621572737
        ]
      },
      {
        "precision@05": [
          0.4648648648648649,
          0.29509971297402865
        ]
      },
      {
        "ndcg": [
          0.8410760057978467,
          0.05252830152058681
        ]
      },
      {
        "recall@05": [
          0.14413216220568675,
          0.08703654931535687
        ]
      },
      {
        "precision@05": [
          0.6042042042042042,
          0.28765445838674586
        ]
      },
      {
        "ndcg": [
          0.8388529294896075,
          0.05457321299987881
        ]
      },
      {
        "recall@05": [
          0.14250791465612392,
          0.08614711972853367
        ]
      },
      {
        "precision@05": [
          0.6036036036036037,
          0.29528667638123346
        ]
      },
      {
        "ndcg": [
          0.8418366505543379,
          0.05440789361348535
        ]
      },
      {
        "recall@05": [
          0.1352582956812853,
          0.08473210891089174
        ]
      },
      {
        "precision@05": [
          0.584984984984985,
          0.3067064453486316
        ]
      },
      {
        "ndcg": [
          0.8412021999819074,
          0.05303345658985232
        ]
      },
      {
        "recall@05": [
          0.13739513409226445,
          0.08444367720271981
        ]
      },
      {
        "precision@05": [
          0.5855855855855856,
          0.29454913278442446
        ]
      },
      {
        "ndcg": [
          0.8548499810498373,
          0.05491370143500368
        ]
      },
      {
        "recall@05": [
          0.1520601501055152,
          0.09196173544796167
        ]
      },
      {
        "precision@05": [
          0.6336336336336337,
          0.288848304916548
        ]
      },
      {
        "ndcg": [
          0.8504881555170926,
          0.05362148303418735
        ]
      },
      {
        "recall@05": [
          0.14814140291513328,
          0.09017015836584005
        ]
      },
      {
        "precision@05": [
          0.6300300300300301,
          0.30224236888405925
        ]
      },
      {
        "ndcg": [
          0.8534513812395783,
          0.05334438151404698
        ]
      },
      {
        "recall@05": [
          0.15546648919663186,
          0.10050380041632927
        ]
      },
      {
        "precision@05": [
          0.6282282282282282,
          0.2712148990845625
        ]
      },
      {
        "ndcg": [
          0.8607951090844231,
          0.0522009604320534
        ]
      },
      {
        "recall@05": [
          0.16022431382368046,
          0.09191844634316489
        ]
      },
      {
        "precision@05": [
          0.6726726726726727,
          0.28685580038440595
        ]
      }
    ]
  },
  "test_metrics": {
    "dcg": [
      108.90499900889517,
      24.729070734839183
    ],
    "dcg@03": [
      19.68100322817488,
      8.476473880523386
    ],
    "dcg@05": [
      24.88184742727636,
      10.157193050274106
    ],
    "dcg@10": [
      32.761994367546734,
      12.79721361163875
    ],
    "dcg@20": [
      41.456953486677996,
      14.586845154504703
    ],
    "ndcg": [
      0.8398388371054176,
      0.05715405851646363
    ],
    "ndcg@03": [
      0.6726556266559198,
      0.24833190599042324
    ],
    "ndcg@05": [
      0.6436106613513009,
      0.2072079511159334
    ],
    "ndcg@10": [
      0.6198612509282813,
      0.17278157397590635
    ],
    "ndcg@20": [
      0.5992414634027199,
      0.13962758468139214
    ],
    "precision@01": [
      0.7606837606837606,
      0.42666611878115157
    ],
    "precision@03": [
      0.7207977207977208,
      0.3171491749305013
    ],
    "precision@05": [
      0.623931623931624,
      0.2818284538083323
    ],
    "precision@10": [
      0.5034188034188035,
      0.23891908437209589
    ],
    "precision@20": [
      0.36880341880341877,
      0.17464573368967273
    ],
    "recall@01": [
      0.03554854302169938,
      0.030935599042411603
    ],
    "recall@03": [
      0.09673313397390856,
      0.0600749750856687
    ],
    "recall@05": [
      0.13691434486860196,
      0.0813817290618151
    ],
    "recall@10": [
      0.21080774547496514,
      0.1075684577226419
    ],
    "recall@20": [
      0.2976288290185061,
      0.11419988700808938
    ],
    "relevant rank": [
      76.43739621388244,
      69.36023281470229
    ],
    "relevant rank per query": [
      1967.1196581196582,
      1060.1633655952794
    ]
  },
  "test_query_level_metrics": {
    "ndcg": [
      0.8262037611924024,
      0.8914068845955552,
      0.8288298892466984,
      0.7955569246041466,
      0.92832186951443,
      0.8489465685974139,
      0.7246639037282857,
      0.8747277786414975,
      0.8775296237896048,
      0.7626857283505019,
      0.8002145985693286,
      0.72550115317394,
      0.8471030726455061,
      0.8106331179940972,
      0.7575523333292108,
      0.7737791697357531,
      0.7901574050878285,
      0.8638236048200916,
      0.8038316656481047,
      0.8875918406828958,
      0.9084528657761467,
      0.8803751113199587,
      0.8565744522208435,
      0.7814093208035361,
      0.6724930505684582,
      0.9156476670962328,
      0.8591979679795576,
      0.891091902128135,
      0.8430369538094091,
      0.7668156133693944,
      0.8531472095072732,
      0.8149725902014531,
      0.9023296460604071,
      0.8387151410658549,
      0.8391416112644816,
      0.856846926075622,
      0.8747130762516379,
      0.8448920349212687,
      0.8763726850454481,
      0.7817068450726916,
      0.8518273800239028,
      0.8186304974569469,
      0.8560323882973375,
      0.8026483979803888,
      0.8632966892843627,
      0.8251265108633553,
      0.88799753320724,
      0.8843630644644042,
      0.8380818348912987,
      0.7973005532508671,
      0.849598632451722,
      0.8157933376823419,
      0.8090637104100321,
      0.7380080744728974,
      0.8854282083546501,
      0.7597372058010943,
      0.8834796665577052,
      0.8984534442073845,
      0.9234390043703452,
      0.8979986931257706,
      0.7762315155270706,
      0.7768601740785869,
      0.8952041749165318,
      0.8408516841824312,
      0.8625985304792502,
      0.8889646724404302,
      0.8085094864937842,
      0.8477679475721651,
      0.8315973123579221,
      0.8523018122205498,
      0.9422854105498567,
      0.8385724355626639,
      0.8148895533322155,
      0.8662923296971399,
      0.8681804644755106,
      0.8433484584980351,
      0.8939396222318798,
      0.8567879420961323,
      0.8998810606129071,
      0.6824548880718699,
      0.904686101883707,
      0.7982492574394338,
      0.8855351874222476,
      0.8490153468482985,
      0.7522981888776846,
      0.9041005532613169,
      0.9070945863993123,
      0.7954349551806124,
      0.8640318361924841,
      0.8476109791229811,
      0.8430024523694282,
      0.8700761136187386,
      0.884767608521039,
      0.8957967270817085,
      0.8193020701159279,
      0.8455234562863632,
      0.8793903980734538,
      0.8532260396121746,
      0.7324960018472789,
      0.8374210369628268,
      0.9199694782213613,
      0.9105369478808365,
      0.8463980699188638,
      0.8609579668921548,
      0.7717181388925867,
      0.8265027819643,
      0.8357340400929893,
      0.7491161929440873,
      0.8886193216288818,
      0.8995562295857886,
      0.9033519172633138,
      0.7260813780756318,
      0.650661975208763,
      0.7934588964871009,
      0.8171183215514604,
      0.9221284070186349,
      0.9193571135540151
    ],
    "recall@05": [
      0.19047619047619047,
      0.21739130434782608,
      0.17647058823529413,
      0.3333333333333333,
      0.10869565217391304,
      0.2777777777777778,
      0.0,
      0.10638297872340426,
      0.09433962264150944,
      0.23076923076923078,
      0.07407407407407407,
      0.07142857142857142,
      0.06896551724137931,
      0.13333333333333333,
      0.0,
      0.07142857142857142,
      0.0,
      0.08108108108108109,
      0.038461538461538464,
      0.26666666666666666,
      0.1282051282051282,
      0.12121212121212122,
      0.07407407407407407,
      0.15384615384615385,
      0.0,
      0.11428571428571428,
      0.125,
      0.1388888888888889,
      0.05555555555555555,
      0.058823529411764705,
      0.14285714285714285,
      0.05660377358490566,
      0.06,
      0.08823529411764706,
      0.15789473684210525,
      0.07692307692307693,
      0.09090909090909091,
      0.25,
      0.10256410256410256,
      0.1875,
      0.08333333333333333,
      0.06896551724137931,
      0.07317073170731707,
      0.043478260869565216,
      0.17647058823529413,
      0.08333333333333333,
      0.0851063829787234,
      0.12903225806451613,
      0.14285714285714285,
      0.08571428571428572,
      0.09523809523809523,
      0.05128205128205128,
      0.15,
      0.0,
      0.14814814814814814,
      0.06666666666666667,
      0.14285714285714285,
      0.12,
      0.09302325581395349,
      0.15789473684210525,
      0.15789473684210525,
      0.03225806451612903,
      0.19230769230769232,
      0.12121212121212122,
      0.13636363636363635,
      0.2,
      0.17647058823529413,
      0.13793103448275862,
      0.06451612903225806,
      0.12121212121212122,
      0.13513513513513514,
      0.11764705882352941,
      0.13333333333333333,
      0.11627906976744186,
      0.1,
      0.12195121951219512,
      0.18518518518518517,
      0.11428571428571428,
      0.10810810810810811,
      0.0,
      0.17391304347826086,
      0.09375,
      0.29411764705882354,
      0.25,
      0.047619047619047616,
      0.14285714285714285,
      0.25,
      0.2222222222222222,
      0.06060606060606061,
      0.2727272727272727,
      0.14285714285714285,
      0.10714285714285714,
      0.13636363636363635,
      0.2727272727272727,
      0.125,
      0.14814814814814814,
      0.19047619047619047,
      0.25,
      0.1,
      0.2,
      0.22727272727272727,
      0.1282051282051282,
      0.2857142857142857,
      0.23076923076923078,
      0.07142857142857142,
      0.4,
      0.11428571428571428,
      0.2,
      0.26666666666666666,
      0.3333333333333333,
      0.16666666666666666,
      0.041666666666666664,
      0.0,
      0.14285714285714285,
      0.16666666666666666,
      0.38461538461538464,
      0.18518518518518517
    ],
    "precision@05": [
      0.8,
      1.0,
      0.6,
      0.6,
      1.0,
      1.0,
      0.0,
      1.0,
      1.0,
      0.6,
      0.4,
      0.2,
      0.4,
      0.8,
      0.0,
      0.4,
      0.0,
      0.6,
      0.2,
      0.8,
      1.0,
      0.8,
      0.8,
      0.4,
      0.0,
      0.8,
      0.6,
      1.0,
      0.4,
      0.2,
      0.8,
      0.6,
      0.6,
      0.6,
      0.6,
      0.6,
      0.4,
      0.4,
      0.8,
      0.6,
      0.6,
      0.4,
      0.6,
      0.2,
      0.6,
      0.6,
      0.8,
      0.8,
      0.8,
      0.6,
      0.8,
      0.4,
      0.6,
      0.0,
      0.8,
      0.2,
      0.8,
      0.6,
      0.8,
      0.6,
      0.6,
      0.2,
      1.0,
      0.8,
      0.6,
      1.0,
      0.6,
      0.8,
      0.4,
      0.8,
      1.0,
      0.8,
      0.4,
      1.0,
      0.8,
      1.0,
      1.0,
      0.8,
      0.8,
      0.0,
      0.8,
      0.6,
      1.0,
      1.0,
      0.2,
      1.0,
      0.6,
      0.4,
      0.4,
      0.6,
      0.8,
      0.6,
      0.6,
      0.6,
      0.6,
      0.8,
      0.8,
      0.8,
      0.4,
      0.6,
      1.0,
      1.0,
      0.4,
      0.6,
      0.2,
      0.8,
      0.8,
      0.4,
      0.8,
      1.0,
      0.6,
      0.2,
      0.0,
      0.4,
      0.2,
      1.0,
      1.0
    ]
  }
}